asset,window_id,reference_date,window_start_date,window_end_date,tau,embedding_dimension,n_window_obs,n_embedding_points,homology_dimension,tp_h1_real,n_h1_features_real,surrogate_count,surrogate_mean,surrogate_std,surrogate_median,surrogate_min,surrogate_max,envelope_lower,envelope_upper,lower_quantile,upper_quantile,above_envelope,below_envelope,inside_envelope,distance_to_surrogate_mean,z_score_vs_surrogates,n_h1_features,volatility_window,volatility_annualized
ABEV3.SA,28,2010-10-22,2010-07-29,2010-10-22,3,5,60,48,1,5.0521217584609985,21,1000,2.4374667183756826,1.032517007932875,2.303700625896454,0.4289795756340027,6.651366233825684,0.8255583092570306,4.67847041785717,0.025,0.975,True,False,False,2.614655040085316,2.532311836024785,21,0.01354989415367541,0.2150979013312389
ABEV3.SA,29,2010-10-29,2010-08-05,2010-10-29,3,5,60,48,1,5.612414479255676,24,1000,2.422635525614023,1.039135881677994,2.2790956497192383,0.2809187173843384,7.519290447235107,0.8546435385942459,4.726040109992027,0.025,0.975,True,False,False,3.189778953641653,3.069645664136634,24,0.014882754318190259,0.23625640049762445
ABEV3.SA,30,2010-11-08,2010-08-12,2010-11-08,3,5,60,48,1,5.358450531959534,22,1000,2.4173737225532532,1.049488714800162,2.2765620946884155,0.33045947551727295,6.941740393638611,0.798395998775959,4.7913066118955605,0.025,0.975,True,False,False,2.9410768094062805,2.8023901238102447,22,0.015041348273702952,0.23877400149197223
ABEV3.SA,31,2010-11-16,2010-08-19,2010-11-16,3,5,60,48,1,4.978010773658752,23,1000,2.3948420072197916,1.0142526915635584,2.2207542657852173,0.3471531271934509,6.026741147041321,0.8469518333673477,4.789212253689765,0.025,0.975,True,False,False,2.583168766438961,2.54686902773389,23,0.015162631681641515,0.24069931590535523
ABEV3.SA,34,2010-12-07,2010-09-10,2010-12-07,3,5,60,48,1,5.3529356718063354,24,1000,2.391804532378912,0.9917216890110078,2.2737791538238525,0.22155559062957764,6.555222272872925,0.8130940899252892,4.676892611384391,0.025,0.975,True,False,False,2.9611311394274233,2.9858489253980163,24,0.01584483317255811,0.251528928839372
ABEV3.SA,35,2010-12-14,2010-09-17,2010-12-14,3,5,60,48,1,5.5213576555252075,25,1000,2.380159294068813,1.0003825552024108,2.2518609166145325,0.14960241317749023,6.819077372550964,0.7744051545858384,4.568699645996094,0.025,0.975,True,False,False,3.1411983614563943,3.1399971392152324,25,0.015340552208656306,0.24352371671104334
ABEV3.SA,36,2010-12-21,2010-09-24,2010-12-21,3,5,60,48,1,4.852997183799744,21,1000,2.351373612254858,0.9788772469321497,2.2367556989192963,0.2246374487876892,6.039804100990295,0.7012425944209099,4.519098207354546,0.025,0.975,True,False,False,2.5016235715448856,2.5556049845729882,21,0.014987349991312517,0.23791680533339385
ABEV3.SA,102,2012-04-20,2012-01-23,2012-04-20,3,5,60,48,1,4.9345351457595825,19,1000,2.4297527266144754,1.0424296813271288,2.3043763637542725,0.15139847993850708,7.16254723072052,0.7804633527994156,4.778018751740454,0.025,0.975,True,False,False,2.504782419145107,2.4028310628648266,19,0.014693537899484934,0.2332526829704371
ABEV3.SA,103,2012-04-27,2012-01-31,2012-04-27,3,5,60,48,1,5.982530355453491,22,1000,2.420969471395016,1.0573632804932498,2.25973317027092,0.32538652420043945,7.695828437805176,0.8058973997831345,4.77620044350624,0.025,0.975,True,False,False,3.5615608840584754,3.3683417513771063,22,0.014515216606456556,0.23042192020151372
ABEV3.SA,121,2012-09-05,2012-06-13,2012-09-05,3,5,60,48,1,4.867442965507507,27,1000,2.4476157696545124,1.0635196804838212,2.301555871963501,0.27179408073425293,7.831045389175415,0.7720195665955544,4.753762248158454,0.025,0.975,True,False,False,2.419827195852995,2.275300815074862,27,0.01390575923766924,0.22074708440647162
ABEV3.SA,122,2012-09-13,2012-06-20,2012-09-13,3,5,60,48,1,5.515544176101685,30,1000,2.4337478117644786,1.0692021449685678,2.2821363508701324,0.31288081407546997,6.598036408424377,0.7218733161687851,4.760295408964157,0.025,0.975,True,False,False,3.081796364337206,2.8823327551665208,30,0.013536958915682854,0.21489256079397248
ABEV3.SA,123,2012-09-20,2012-06-27,2012-09-20,3,5,60,48,1,5.09089732170105,26,1000,2.408519122302532,1.0508310902946891,2.3191238045692444,0.22349488735198975,6.681046366691589,0.687235926091671,4.753250381350517,0.025,0.975,True,False,False,2.6823781993985176,2.552625463951858,26,0.013554780690124167,0.21517547269253406
ABEV3.SA,188,2014-01-17,2013-10-18,2014-01-17,3,5,60,48,1,6.620829343795776,32,1000,2.4197239314615726,1.0699393907980246,2.255027115345001,0.2973191738128662,6.539549112319946,0.7875708416104317,4.954299560189247,0.025,0.975,True,False,False,4.201105412334204,3.9264891529984416,32,0.013183576746801028,0.20928279277421682
ABEV3.SA,189,2014-01-24,2013-10-25,2014-01-24,3,5,60,48,1,5.760196089744568,32,1000,2.434577447831631,1.0944443071323433,2.2729231119155884,0.3600044250488281,6.830502271652222,0.7211632132530212,5.001051810383795,0.025,0.975,True,False,False,3.325618641912937,3.0386367037960147,32,0.013697104266406478,0.21743478942380004
ABEV3.SA,190,2014-01-31,2013-11-01,2014-01-31,3,5,60,48,1,6.156144618988037,29,1000,2.442120456457138,1.0869722657374932,2.302384525537491,0.30309849977493286,6.501249551773071,0.6971128955483437,4.9586337178945525,0.025,0.975,True,False,False,3.714024162530899,3.4168527381984246,29,0.014097045965653804,0.2237836670745981
ABEV3.SA,230,2014-11-19,2014-08-28,2014-11-19,3,5,60,48,1,4.890487313270569,20,1000,2.4493365272581578,1.0479160786957142,2.3361525535583496,0.3028920888900757,7.6578720808029175,0.7843863740563393,4.786202526092529,0.025,0.975,True,False,False,2.441150786012411,2.3295288961028087,20,0.017335355492241345,0.2751902371282098
ABEV3.SA,231,2014-11-27,2014-09-04,2014-11-27,3,5,60,48,1,4.739325404167175,23,1000,2.4207351620793345,1.015646365393393,2.296632170677185,0.23898810148239136,6.78872811794281,0.8443905159831047,4.654321074485779,0.025,0.975,True,False,False,2.318590242087841,2.2828715989051713,23,0.017575108928527268,0.27899620493852406
ABEV3.SA,234,2014-12-18,2014-09-25,2014-12-18,3,5,60,48,1,5.0766448974609375,26,1000,2.4034088263809683,1.013211085132002,2.3110163807868958,0.230049729347229,6.650781989097595,0.7873047456145287,4.740901285409927,0.025,0.975,True,False,False,2.673236071079969,2.638380205573548,26,0.01781501928120788,0.2828046637193803
ABEV3.SA,475,2019-10-23,2019-08-01,2019-10-23,3,5,60,48,1,4.779133200645447,25,1000,2.4048035130798815,1.0324427586647766,2.2373537123203278,0.34617704153060913,7.166898012161255,0.7787445068359375,4.6772166103124615,0.025,0.975,True,False,False,2.3743296875655653,2.2997204132035423,25,0.012749060600540565,0.2023850627923327
ABEV3.SA,488,2020-01-30,2019-10-31,2020-01-30,3,5,60,48,1,4.924145698547363,29,1000,2.391346890330315,1.0019650379273841,2.244136869907379,0.37974250316619873,8.026723265647888,0.8260686248540878,4.601640447974204,0.025,0.975,True,False,False,2.5327988082170485,2.527831523399531,29,0.012102290413123457,0.19211790436443488
ABEV3.SA,490,2020-02-13,2019-11-14,2020-02-13,3,5,60,48,1,4.954279899597168,26,1000,2.3795274449586867,1.0005664913648158,2.272263079881668,0.34373462200164795,7.13947606086731,0.7021889418363572,4.707267957925795,0.025,0.975,True,False,False,2.5747524546384812,2.573294705408741,26,0.013308251890189242,0.21126194931867603
ABEV3.SA,539,2021-02-11,2020-11-12,2021-02-11,3,5,60,48,1,4.818007588386536,21,1000,2.37362380489707,1.0469961133832704,2.180462598800659,0.3445807695388794,6.265122771263123,0.7609155729413033,4.777656459808349,0.025,0.975,True,False,False,2.4443837834894655,2.3346636651693644,21,0.019909543222407785,0.3160542005002952
ABEV3.SA,540,2021-02-22,2020-11-19,2021-02-22,3,5,60,48,1,4.942181468009949,19,1000,2.3695076355934144,1.0500657158700322,2.2017791271209717,0.13516879081726074,6.211076617240906,0.6660618796944618,4.781205442547797,0.025,0.975,True,False,False,2.5726738324165344,2.4500122168877256,19,0.019577878693695573,0.31078918933025146
ABEV3.SA,544,2021-03-22,2020-12-18,2021-03-22,3,5,60,48,1,4.869882345199585,24,1000,2.4170766972005366,1.0464792679931285,2.2930477261543274,0.30044275522232056,7.502249002456665,0.8147404804825783,4.7992608606815335,0.025,0.975,True,False,False,2.4528056479990483,2.343864539909026,24,0.02029946245774578,0.322243976468924
ABEV3.SA,547,2021-04-13,2021-01-14,2021-04-13,3,5,60,48,1,5.213873744010925,25,1000,2.438266372472048,1.0278524081215865,2.3247600197792053,0.34570062160491943,7.2517547607421875,0.7874060928821565,4.704664966464042,0.025,0.975,True,False,False,2.7756073715388774,2.700394871488734,25,0.018555449536716274,0.2945586296349596
ABEV3.SA,632,2022-12-23,2022-09-28,2022-12-23,3,5,60,48,1,4.834323406219482,27,1000,2.4132302068173885,1.066647239097278,2.2617998123168945,0.32619786262512207,6.629206299781799,0.7347737416625023,4.732464915513992,0.025,0.975,True,False,False,2.421093199402094,2.2698162153882353,27,0.016321030750310748,0.259088331033361
ABEV3.SA,633,2023-01-02,2022-10-05,2023-01-02,3,5,60,48,1,5.109799265861511,24,1000,2.4391231193840506,1.044967211964462,2.315843880176544,0.4039514660835266,6.4663732051849365,0.7783136412501335,4.7943319439888,0.025,0.975,True,False,False,2.6706761464774607,2.5557511430973845,24,0.015125521149651015,0.24011020447334622
ABEV3.SA,664,2023-08-15,2023-05-23,2023-08-15,3,5,60,48,1,6.139476656913757,30,1000,2.3875160607397556,1.0118068696521938,2.2652875781059265,0.35499727725982666,6.654720306396484,0.7774706020951271,4.690176701545713,0.025,0.975,True,False,False,3.7519605961740017,3.7081786146240825,30,0.011688098447102705,0.18554281074164392
ABEV3.SA,665,2023-08-22,2023-05-30,2023-08-22,3,5,60,48,1,5.278163552284241,28,1000,2.3703507403731345,1.0012431259749441,2.2331249117851257,0.25686168670654297,6.252844929695129,0.7725174084305764,4.590404734015464,0.025,0.975,True,False,False,2.907812811911106,2.904202522319113,28,0.0117771073093076,0.18695578262489376
ABEV3.SA,667,2023-09-05,2023-06-14,2023-09-05,3,5,60,48,1,4.731337189674377,22,1000,2.386626238167286,0.9917054608307047,2.30977863073349,0.22526025772094727,6.927123665809631,0.7899862840771675,4.549423784017563,0.025,0.975,True,False,False,2.3447109515070914,2.364321912216797,22,0.011352854687466761,0.18022098104214582
ABEV3.SA,680,2023-12-11,2023-09-14,2023-12-11,3,5,60,48,1,5.074088096618652,23,1000,2.3689433414340018,1.04128948441129,2.2538404166698456,0.2524469494819641,6.229246377944946,0.6400819227099419,4.76833997964859,0.025,0.975,True,False,False,2.7051447551846506,2.5978796441164946,23,0.013840748396969946,0.21971506930439022
ABEV3.SA,681,2023-12-18,2023-09-21,2023-12-18,3,5,60,48,1,6.240244388580322,26,1000,2.339131585150957,1.0373779962465492,2.2322177290916443,0.17495012283325195,6.39025092124939,0.7101412445306778,4.727736124396323,0.025,0.975,True,False,False,3.901112803429365,3.76055094434662,26,0.014500615700794915,0.23019013800973162
ABEV3.SA,682,2023-12-26,2023-09-28,2023-12-26,3,5,60,48,1,5.014081120491028,18,1000,2.310885607242584,1.0579814762681596,2.178863048553467,0.18615078926086426,6.16546893119812,0.7054612010717393,4.9613904565572735,0.025,0.975,True,False,False,2.7031955132484438,2.5550499454711457,18,0.01429392319616058,0.2269089962189905
ABEV3.SA,683,2024-01-04,2023-10-05,2024-01-04,3,5,60,48,1,5.009791970252991,19,1000,2.310849057942629,1.046574134188594,2.1952332258224487,0.2321333885192871,6.0366281270980835,0.6868526443839074,4.84094209074974,0.025,0.975,True,False,False,2.6989429123103617,2.578835864697578,19,0.014292492804125773,0.22688628944938197
ITUB4.SA,46,2011-03-04,2010-12-08,2011-03-04,2,5,60,52,1,6.950633406639099,30,1000,2.8083857781887054,1.0874205706550675,2.734456568956375,0.39144426584243774,6.808762907981873,1.0054694429039954,5.190540930628776,0.025,0.975,True,False,False,4.142247628450393,3.809241557712195,30,0.016028257083577545,0.2544406931577336
ITUB4.SA,47,2011-03-15,2010-12-15,2011-03-15,2,5,60,52,1,6.1297948360443115,27,1000,2.7981081055998804,1.0887032431053278,2.6642280220985413,0.3574368953704834,7.379588007926941,1.0506796389818192,5.058075284957885,0.025,0.975,True,False,False,3.331686730444431,3.060234045910804,27,0.017497947464723797,0.2777713046743939
ITUB4.SA,48,2011-03-22,2010-12-22,2011-03-22,2,5,60,52,1,6.624487042427063,27,1000,2.8071658792197702,1.1181574143556,2.705063581466675,0.17122435569763184,7.810801267623901,0.9947342604398728,5.144223022460937,0.025,0.975,True,False,False,3.8173211632072928,3.413938962616668,27,0.01794044432328394,0.2847957245364587
ITUB4.SA,49,2011-03-29,2010-12-30,2011-03-29,2,5,60,52,1,5.254804730415344,32,1000,2.845130515128374,1.1005962882536604,2.7670759558677673,0.09904789924621582,6.555971384048462,1.0221452176570893,5.152761241793631,0.025,0.975,True,False,False,2.4096742152869703,2.189426078394696,32,0.017359363738926346,0.275571356229069
ITUB4.SA,51,2011-04-12,2011-01-14,2011-04-12,2,5,60,52,1,5.640291094779968,25,1000,2.8307957442998886,1.1213794650430977,2.713429570198059,0.5990703105926514,7.581333756446838,1.0233027040958405,5.506730723381041,0.025,0.975,True,False,False,2.8094953504800797,2.505392187088162,25,0.01745645859712836,0.27711268931938265
ITUB4.SA,186,2014-01-03,2013-10-04,2014-01-03,2,5,60,52,1,5.417734622955322,28,1000,2.9098639431595803,1.1521767474985447,2.79084974527359,0.3745977282524109,8.197228789329529,1.0324197545647622,5.370023694634436,0.025,0.975,True,False,False,2.507870679795742,2.1766371220739376,28,0.014202047076517866,0.2254505080349891
ITUB4.SA,189,2014-01-24,2013-10-25,2014-01-24,2,5,60,52,1,5.858540058135986,22,1000,2.869364573597908,1.1196291149884199,2.7808110117912292,0.4320155680179596,6.986461639404297,1.0433457225561142,5.311379554867744,0.025,0.975,True,False,False,2.9891754845380785,2.6697907767153723,22,0.014946358076594519,0.2372660788607447
ITUB4.SA,274,2015-10-13,2015-07-20,2015-10-13,2,5,60,52,1,5.562422394752502,33,1000,2.8839028767049313,1.1151775134273443,2.764998435974121,0.3669096827507019,6.766602039337158,1.1123967871069909,5.357485723495484,0.025,0.975,True,False,False,2.678519518047571,2.4018772668895654,33,0.02372104449910937,0.37655990750004065
ITUB4.SA,275,2015-10-20,2015-07-27,2015-10-20,2,5,60,52,1,6.5317347049713135,31,1000,2.889948208361864,1.1188414921299408,2.7891770005226135,0.12639963626861572,7.146890878677368,1.0366196438670159,5.496071177721023,0.025,0.975,True,False,False,3.6417864966094493,3.2549619604083264,31,0.02353794941723489,0.3736533631825274
ITUB4.SA,276,2015-10-27,2015-08-03,2015-10-27,2,5,60,52,1,5.5134700536727905,32,1000,2.884780697673559,1.1400291651582928,2.770857572555542,0.2828214764595032,7.948437452316284,0.9412145018577576,5.457700937986374,0.025,0.975,True,False,False,2.6286893559992315,2.3058088655426974,32,0.023275531990372342,0.3694876156755207
ITUB4.SA,277,2015-11-04,2015-08-10,2015-11-04,2,5,60,52,1,6.357068419456482,30,1000,2.8756503300964833,1.104864670759587,2.7871500849723816,0.302635133266449,6.692783355712891,0.954235315322876,5.302173095941543,0.025,0.975,True,False,False,3.4814180893599986,3.150990507250582,30,0.024594026786585496,0.3904180716897974
ITUB4.SA,278,2015-11-11,2015-08-17,2015-11-11,2,5,60,52,1,6.00457489490509,29,1000,2.900704330265522,1.1103445420960332,2.785020112991333,0.3403106927871704,7.439050197601318,1.0651708975434304,5.278767910599709,0.025,0.975,True,False,False,3.103870564639568,2.7954120968436444,29,0.024650154648944753,0.391309073882343
ITUB4.SA,342,2017-02-24,2016-12-01,2017-02-24,2,5,60,52,1,5.60565972328186,27,1000,2.9188040371537207,1.1209617421947138,2.837212026119232,0.31022608280181885,7.198273658752441,1.0117046341300011,5.373390966653823,0.025,0.975,True,False,False,2.6868556861281396,2.3969200597939997,27,0.017036771620672162,0.2704503651102083
ITUB4.SA,412,2018-07-17,2018-04-20,2018-07-17,2,5,60,52,1,6.324460744857788,29,1000,2.82119445052743,1.0957460484211976,2.7019144892692566,0.4445915222167969,6.536030292510986,1.0140975952148437,5.244517540931701,0.025,0.975,True,False,False,3.5032662943303583,3.1971516569720047,29,0.02005984004114173,0.31844008853158023
ITUB4.SA,413,2018-07-24,2018-04-27,2018-07-24,2,5,60,52,1,6.090833306312561,27,1000,2.8088680145740508,1.0846408474992766,2.713456630706787,0.30510735511779785,6.816903233528137,0.979948204755783,5.178100168704986,0.025,0.975,True,False,False,3.2819652917385103,3.025854410061483,27,0.02044896471960654,0.3246172513008754
ITUB4.SA,414,2018-07-31,2018-05-07,2018-07-31,2,5,60,52,1,7.05316162109375,29,1000,2.8616323748528956,1.1069722803893778,2.7627323269844055,0.3258911967277527,7.205724716186523,1.0460882291197777,5.3501982301473605,0.025,0.975,True,False,False,4.191529246240854,3.7864807642396276,29,0.020767397190548348,0.3296722100657543
ITUB4.SA,415,2018-08-07,2018-05-14,2018-08-07,2,5,60,52,1,5.33314573764801,25,1000,2.88251787891984,1.1014272149801507,2.745058596134186,0.39013391733169556,7.813372850418091,1.0560619816184045,5.250401604175567,0.025,0.975,True,False,False,2.4506278587281702,2.224956697453979,25,0.02069179417356843,0.328472049377984
ITUB4.SA,416,2018-08-14,2018-05-21,2018-08-14,2,5,60,52,1,5.3890460729599,24,1000,2.911415069282055,1.1157145052776258,2.796858072280884,0.29911965131759644,7.199758768081665,1.0075180232524872,5.29166209101677,0.025,0.975,True,False,False,2.477631003677845,2.2206675560441247,24,0.020271751569248115,0.32180407975148323
ITUB4.SA,457,2019-06-17,2019-03-22,2019-06-17,2,5,60,52,1,5.354368686676025,34,1000,2.866022456794977,1.092711500755121,2.7935804426670074,0.29180610179901123,6.6037598848342896,1.008814422786236,5.2885794043540955,0.025,0.975,True,False,False,2.4883462298810484,2.2772215979803185,34,0.014741887065558863,0.23402020218761097
ITUB4.SA,458,2019-06-25,2019-03-29,2019-06-25,2,5,60,52,1,6.2744752168655396,36,1000,2.8617023876309395,1.1178812640864821,2.7354791164398193,0.45120322704315186,7.421413779258728,0.9689126819372177,5.166177096962929,0.025,0.975,True,False,False,3.4127728292346,3.0528938438050246,36,0.013435054246008533,0.21327487431360584
ITUB4.SA,459,2019-07-02,2019-04-05,2019-07-02,2,5,60,52,1,6.142560720443726,32,1000,2.875673160940409,1.1453054617067315,2.7674167454242706,0.35439687967300415,7.005415081977844,0.9265754163265228,5.347663581371306,0.025,0.975,True,False,False,3.2668875595033167,2.85241594380857,32,0.013373298333976184,0.21229452960225237
ITUB4.SA,460,2019-07-10,2019-04-12,2019-07-10,2,5,60,52,1,6.294458866119385,30,1000,2.912638336867094,1.1440178020940108,2.766516864299774,0.29165124893188477,7.633173704147339,1.0497855573892594,5.40308076441288,0.025,0.975,True,False,False,3.3818205292522907,2.956090825739079,30,0.012946624187933107,0.20552128751450735
ITUB4.SA,484,2020-01-02,2019-10-03,2020-01-02,2,5,60,52,1,5.51384174823761,25,1000,2.893412882179022,1.1273685758174703,2.8196187019348145,0.5059322714805603,7.514217853546143,1.0149699851870537,5.251426538825035,0.025,0.975,True,False,False,2.620428866058588,2.32437635948694,25,0.01343187999511132,0.21322448464276814
ITUB4.SA,485,2020-01-09,2019-10-10,2020-01-09,2,5,60,52,1,6.285247802734375,31,1000,2.8763623278141024,1.1392806003630571,2.747879147529602,0.3835991621017456,7.583631753921509,1.0185674622654914,5.330752956867217,0.025,0.975,True,False,False,3.4088854749202726,2.992138612589344,31,0.014159170615276582,0.22476986531373147
ITUB4.SA,486,2020-01-16,2019-10-17,2020-01-16,2,5,60,52,1,6.905141592025757,30,1000,2.870958642780781,1.123861226822023,2.790249764919281,0.4838749170303345,7.334814071655273,0.9243073791265488,5.300841954350471,0.025,0.975,True,False,False,4.0341829492449754,3.589573919773493,30,0.014012726680676494,0.22244513992193762
ITUB4.SA,487,2020-01-23,2019-10-24,2020-01-23,2,5,60,52,1,6.273985862731934,27,1000,2.8653474020957947,1.1207330539386235,2.7303107380867004,0.3527914881706238,7.587947964668274,0.9898456186056137,5.414444306492805,0.025,0.975,True,False,False,3.408638460636139,3.0414365389305376,27,0.013953097718871606,0.2214985594987014
ITUB4.SA,616,2022-08-29,2022-06-06,2022-08-29,2,5,60,52,1,5.524679660797119,23,1000,2.875327567398548,1.1688266650033714,2.736518144607544,0.3492279648780823,7.958827018737793,0.9114540398120881,5.430850514769554,0.025,0.975,True,False,False,2.649352093398571,2.2666766362580626,23,0.013598983191372219,0.21587716564631027
ITUB4.SA,618,2022-09-13,2022-06-21,2022-09-13,2,5,60,52,1,5.58508574962616,24,1000,2.869062209159136,1.1441160519770424,2.745064079761505,0.42314964532852173,7.07735276222229,1.0096339195966721,5.521820059418677,0.025,0.975,True,False,False,2.716023540467024,2.373905632888999,24,0.012501921751682183,0.19846185519204035
ITUB4.SA,677,2023-11-20,2023-08-23,2023-11-20,2,5,60,52,1,5.661300420761108,28,1000,2.945499538987875,1.14270459341863,2.8777740001678467,0.547274112701416,6.96756899356842,0.9995373755693435,5.501384711265561,0.025,0.975,True,False,False,2.7158008817732333,2.3766430076633984,28,0.01355704278078628,0.21521138226854425
ITUB4.SA,678,2023-11-27,2023-08-30,2023-11-27,2,5,60,52,1,6.510680556297302,26,1000,2.939877548635006,1.1641471135833896,2.842009961605072,0.22433805465698242,7.362630248069763,1.0265540458261968,5.488739484548569,0.025,0.975,True,False,False,3.5708030076622963,3.067312512308621,26,0.012466943572651407,0.19790659381386438
ITUB4.SA,726,2024-11-07,2024-08-16,2024-11-07,2,5,60,52,1,5.643583655357361,31,1000,2.9134622776806354,1.1387684199223007,2.7893134355545044,0.45157116651535034,7.277326941490173,1.040105864405632,5.339168310165405,0.025,0.975,True,False,False,2.7301213776767255,2.397433341067716,31,0.01026736583103624,0.16298937965186347
ITUB4.SA,767,2025-09-08,2025-06-16,2025-09-08,2,5,60,52,1,5.931551218032837,23,1000,2.9172160271406176,1.1551424959546097,2.7973954677581787,0.37479424476623535,7.587946653366089,1.0662572622299196,5.514932259917258,0.025,0.975,True,False,False,3.0143351908922194,2.609492076907077,23,0.012997485047172205,0.20632867862458965
ITUB4.SA,768,2025-09-15,2025-06-24,2025-09-15,2,5,60,52,1,7.187403857707977,28,1000,2.943138163626194,1.1925106657140196,2.8038440346717834,0.16238456964492798,8.452408194541931,0.9722486227750778,5.656051194667815,0.025,0.975,True,False,False,4.244265694081783,3.5591008249309994,28,0.013113798424139575,0.20817509624222427
ITUB4.SA,777,2025-11-17,2025-08-26,2025-11-17,2,5,60,52,1,6.383275032043457,23,1000,2.876486850261688,1.1398977369008962,2.712755501270294,0.3958410620689392,7.173089861869812,1.0394924640655518,5.411569875478744,0.025,0.975,True,False,False,3.506788181781769,3.0764059513933857,23,0.01024216936433555,0.1625893981430182
ITUB4.SA,778,2025-11-25,2025-09-02,2025-11-25,2,5,60,52,1,7.950032591819763,23,1000,2.8499004645347594,1.1389356572556375,2.712985038757324,0.32760268449783325,7.515267372131348,0.9851373165845871,5.30195942223072,0.025,0.975,True,False,False,5.100132127285004,4.477980906818043,23,0.009703963091978273,0.1540456384387435
ITUB4.SA,779,2025-12-02,2025-09-09,2025-12-02,2,5,60,52,1,5.944378972053528,22,1000,2.8176784376502035,1.115246137096457,2.6674845814704895,0.4463028907775879,6.8353071212768555,1.0094511300325393,5.116924679279326,0.025,0.975,True,False,False,3.1267005344033243,2.8035968297937246,22,0.010478294571984863,0.1663377696092996
LREN3.SA,130,2012-11-12,2012-08-16,2012-11-12,2,5,60,52,1,5.9244385957717896,27,1000,3.0066346317529677,1.1237815377775082,2.9059261083602905,0.5467711687088013,7.3806822299957275,1.1331779479980468,5.527444446086884,0.025,0.975,True,False,False,2.917803964018822,2.596415643016644,27,0.015554946270093923,0.24692711692584157
LREN3.SA,176,2013-10-17,2013-07-26,2013-10-17,2,5,60,52,1,5.795939207077026,29,1000,2.9113588815033435,1.1215130009224004,2.7338100373744965,0.31451326608657837,7.086105704307556,1.1247288644313813,5.405339190363884,0.025,0.975,True,False,False,2.884580325573683,2.5720435904008503,29,0.02180222527529207,0.34609959663737727
LREN3.SA,195,2014-03-11,2013-12-10,2014-03-11,2,5,60,52,1,5.3837538957595825,27,1000,2.9430373201966287,1.1310206294017546,2.8657020330429077,0.6191971898078918,6.949091196060181,1.1015685483813287,5.296822601556777,0.025,0.975,True,False,False,2.440716575562954,2.15797706258811,27,0.01732544048235446,0.2750328412257651
LREN3.SA,210,2014-07-01,2014-04-02,2014-07-01,2,5,60,52,1,6.893583178520203,30,1000,2.97478879147768,1.1700619553068194,2.8692547082901,0.3032776713371277,7.678727507591248,1.0049059510231018,5.540100541710854,0.025,0.975,True,False,False,3.9187943870425226,3.3492195599291295,30,0.013370471626952376,0.21224965701936696
LREN3.SA,211,2014-07-08,2014-04-09,2014-07-08,2,5,60,52,1,6.816679835319519,30,1000,2.9660226193368433,1.157674936461867,2.884422540664673,0.37795788049697876,7.523643136024475,1.0155817359685897,5.360733377933502,0.025,0.975,True,False,False,3.8506572159826757,3.326198999998402,30,0.013239118027240409,0.210164483267461
LREN3.SA,212,2014-07-16,2014-04-16,2014-07-16,2,5,60,52,1,6.230492115020752,31,1000,3.005237326681614,1.1524478398455424,2.858424484729767,0.3736101984977722,7.327908158302307,1.1355658903717996,5.50982023179531,0.025,0.975,True,False,False,3.225254788339138,2.7986123769136526,31,0.012995083607010703,0.20629055694385523
LREN3.SA,214,2014-07-30,2014-05-05,2014-07-30,2,5,60,52,1,6.655733942985535,35,1000,3.026636562407017,1.1940409716361662,2.891174554824829,0.44386619329452515,7.806646108627319,1.0431442633271217,5.63370334804058,0.025,0.975,True,False,False,3.629097380578518,3.039340748588929,35,0.012719952422916738,0.20192298479766704
LREN3.SA,343,2017-03-07,2016-12-08,2017-03-07,2,5,60,52,1,5.988473057746887,22,1000,2.9770978325605393,1.1173567881892792,2.8549161553382874,0.6171359419822693,6.7940332889556885,1.0729141741991044,5.3875489860773085,0.025,0.975,True,False,False,3.011375225186348,2.695088316478034,22,0.01890080486162445,0.3000409754569133
LREN3.SA,344,2017-03-14,2016-12-15,2017-03-14,2,5,60,52,1,5.643234848976135,27,1000,3.0060007236003874,1.150328935243032,2.826463222503662,0.3204960823059082,7.213792443275452,1.1395071104168892,5.5081927329301825,0.025,0.975,True,False,False,2.637234125375748,2.2925913141692598,27,0.01914669489885857,0.3039443587872526
LREN3.SA,368,2017-09-01,2017-06-12,2017-09-01,2,5,60,52,1,5.533649325370789,30,1000,2.9405456854104997,1.1193238691266092,2.8552871346473694,0.14235031604766846,7.104830861091614,1.0648065939545632,5.341231280565261,0.025,0.975,True,False,False,2.593103639960289,2.3166696534253726,30,0.01416249862122361,0.22482269577031694
LREN3.SA,388,2018-01-22,2017-10-30,2018-01-22,2,5,60,52,1,5.394348740577698,30,1000,2.9160192826390268,1.1130452441034313,2.8083918690681458,0.4663293957710266,7.045331835746765,1.1059880524873733,5.337351238727569,0.025,0.975,True,False,False,2.478329457938671,2.2266205898350426,30,0.016544171441085737,0.2626305796843797
LREN3.SA,390,2018-02-05,2017-11-13,2018-02-05,2,5,60,52,1,5.3992239236831665,32,1000,2.926592830657959,1.1315966133555757,2.809413433074951,0.542759895324707,7.116827964782715,1.0185267716646194,5.394275543093681,0.025,0.975,True,False,False,2.4726310930252073,2.1850817365854427,32,0.01626442761662014,0.2581897841423272
LREN3.SA,417,2018-08-21,2018-05-28,2018-08-21,2,5,60,52,1,6.243872165679932,32,1000,2.9596947612464426,1.1224211210931063,2.858127534389496,0.34803855419158936,7.0472731590271,1.126270852982998,5.410513940453528,0.025,0.975,True,False,False,3.284177404433489,2.9259761267099873,32,0.020960897357942068,0.33274392999519325
LREN3.SA,418,2018-08-28,2018-06-05,2018-08-28,2,5,60,52,1,6.1614567041397095,32,1000,2.940131043434143,1.1073604266700339,2.8250042498111725,0.2106332778930664,7.34686541557312,1.038164237141609,5.360565122961997,0.025,0.975,True,False,False,3.2213256607055665,2.9090128047942625,32,0.021045603970576733,0.3340886057837973
LREN3.SA,419,2018-09-04,2018-06-12,2018-09-04,2,5,60,52,1,6.4790027141571045,33,1000,2.9384073481559754,1.111598967083429,2.8548596501350403,0.22800016403198242,7.249528646469116,1.0674870595335961,5.436021530628204,0.025,0.975,True,False,False,3.540595366001129,3.1851373299588506,33,0.021415604807698312,0.33996218698325376
LREN3.SA,420,2018-09-12,2018-06-19,2018-09-12,2,5,60,52,1,7.321513891220093,33,1000,2.9473274638056757,1.1464124290392335,2.864309012889862,0.3256388306617737,8.370420575141907,1.121371792256832,5.404560256004333,0.025,0.975,True,False,False,4.374186427414417,3.815543443715333,33,0.021531604145390317,0.34180361938194126
LREN3.SA,421,2018-09-19,2018-06-26,2018-09-19,2,5,60,52,1,7.069833397865295,36,1000,2.9585061342716217,1.1663813144098147,2.8198482990264893,0.5185382962226868,8.454598307609558,1.0746415205299855,5.57780849635601,0.025,0.975,True,False,False,4.111327263593674,3.5248569338355638,36,0.022829946205371394,0.36241416062637266
LREN3.SA,422,2018-09-26,2018-07-03,2018-09-26,2,5,60,52,1,6.305163741111755,36,1000,2.989519402205944,1.1749920479305083,2.8749602138996124,0.46445757150650024,8.167680740356445,1.1047816097736358,5.611382728815078,0.025,0.975,True,False,False,3.3156443389058112,2.8218440667284463,36,0.021801389777809887,0.346086333526024
LREN3.SA,423,2018-10-03,2018-07-11,2018-10-03,2,5,60,52,1,6.007330298423767,34,1000,2.9923585528731347,1.1924614142865757,2.8880803287029266,0.5920543670654297,7.432935476303101,1.0592196971178054,5.636257284879684,0.025,0.975,True,False,False,3.0149717455506324,2.528360003459253,34,0.02334419962309551,0.3705776805513508
LREN3.SA,424,2018-10-10,2018-07-18,2018-10-10,2,5,60,52,1,5.985761046409607,31,1000,2.964274459898472,1.1524222994284319,2.8193163871765137,0.20789778232574463,7.8042216300964355,1.1604194507002832,5.482694694399833,0.025,0.975,True,False,False,3.021486586511135,2.6218570987473124,31,0.024268179575074187,0.3852454075674207
LREN3.SA,635,2023-01-16,2022-10-20,2023-01-16,2,5,60,52,1,6.4114309549331665,27,1000,2.9583509689569474,1.1200271646450295,2.841103732585907,0.4827984571456909,6.929504871368408,1.0975412622094156,5.43141476213932,0.025,0.975,True,False,False,3.453079985976219,3.0830323540149176,27,0.034778478281857525,0.5520912270663356
LREN3.SA,636,2023-01-23,2022-10-27,2023-01-23,2,5,60,52,1,6.448429822921753,28,1000,2.9746439524292945,1.1318519814559151,2.923468589782715,0.4030890464782715,7.160383582115173,1.0875943630933762,5.415338745713234,0.025,0.975,True,False,False,3.4737858704924585,3.069116746188035,28,0.03496070350290327,0.5549839627712806
LREN3.SA,748,2025-04-24,2025-01-27,2025-04-24,2,5,60,52,1,5.609932541847229,26,1000,2.9265853417217733,1.119982167733669,2.797518312931061,0.23869067430496216,7.624131679534912,1.0635453075170518,5.404352495074272,0.025,0.975,True,False,False,2.6833472001254557,2.3958838608612147,26,0.034502106127128784,0.5477039551220437
PETR4.SA,1,2010-04-09,2010-01-12,2010-04-09,3,5,60,48,1,5.379108667373657,26,1000,2.1678989254236223,0.9634035125715865,2.0735726356506348,0.16677260398864746,6.167076110839844,0.6532665744423867,4.300381487607955,0.025,0.975,True,False,False,3.211209741950035,3.3331928937838735,26,0.014954306172940891,0.237392250978718
PETR4.SA,2,2010-04-16,2010-01-19,2010-04-16,3,5,60,48,1,5.511251926422119,31,1000,2.182772874414921,0.9800371927159439,2.0598790049552917,0.22979283332824707,6.1963911056518555,0.5902852505445481,4.424174982309341,0.025,0.975,True,False,False,3.3284790520071983,3.396278301217423,31,0.015096929920464412,0.23965633278071377
PETR4.SA,3,2010-04-26,2010-01-27,2010-04-26,3,5,60,48,1,4.796793460845947,27,1000,2.1950270961523057,0.9986751746527568,2.076813578605652,0.2524619698524475,6.585979223251343,0.5971583932638168,4.491433933377265,0.025,0.975,True,False,False,2.6017663646936415,2.6052178233010403,27,0.014658439642490834,0.23269551541368777
PETR4.SA,11,2010-06-22,2010-03-26,2010-06-22,3,5,60,48,1,4.51586389541626,22,1000,2.141328839033842,0.9796648919959413,2.0375107526779175,0.2385871410369873,6.06099271774292,0.6499970927834511,4.503790989518166,0.025,0.975,True,False,False,2.3745350563824177,2.4238237746221647,22,0.018488640565822206,0.29349807010095647
PETR4.SA,30,2010-11-08,2010-08-12,2010-11-08,3,5,60,48,1,4.654491543769836,22,1000,2.121509408801794,0.9791798057223419,2.0000932812690735,0.20570918917655945,7.053864598274231,0.5689026668667794,4.523074275255203,0.025,0.975,True,False,False,2.5329821349680426,2.5868406600761737,22,0.023386338997757664,0.37124662238590983
PETR4.SA,31,2010-11-16,2010-08-19,2010-11-16,3,5,60,48,1,5.173739910125732,26,1000,2.108234425574541,0.9621054583168677,1.9844704568386078,0.22445273399353027,6.098704099655151,0.6544865220785141,4.2611179620027535,0.025,0.975,True,False,False,3.0655054845511915,3.1862468485669613,26,0.02361241819138445,0.3748355183235648
PETR4.SA,39,2011-01-13,2010-10-18,2011-01-13,3,5,60,48,1,4.976773381233215,26,1000,2.20139694455266,1.0040603561665413,2.035574197769165,0.22428011894226074,5.981747627258301,0.6904447212815285,4.602798175811767,0.025,0.975,True,False,False,2.7753764366805553,2.76415299103813,26,0.017487978963109625,0.27761305961710364
PETR4.SA,40,2011-01-20,2010-10-25,2011-01-20,3,5,60,48,1,5.62359619140625,27,1000,2.2312124079465865,1.0179265110124178,2.064494788646698,0.07874417304992676,7.264495611190796,0.7304855048656463,4.674646949768064,0.025,0.975,True,False,False,3.3923837834596635,3.3326411550924617,27,0.015966870048875894,0.25346620419246807
PETR4.SA,41,2011-01-28,2010-11-01,2011-01-28,3,5,60,48,1,5.289405465126038,24,1000,2.20248827162385,1.0070445354195108,2.0396592020988464,0.06483656167984009,7.169282674789429,0.6734479367733002,4.419678953289985,0.025,0.975,True,False,False,3.0869171935021877,3.0653234141390295,24,0.014405868419154432,0.22868607154201093
PETR4.SA,42,2011-02-04,2010-11-09,2011-02-04,3,5,60,48,1,5.02656614780426,25,1000,2.1853327282071113,1.0092139644505096,2.0502254366874695,0.25879430770874023,6.264100432395935,0.6422873705625535,4.427930295467377,0.025,0.975,True,False,False,2.841233419597149,2.8152934062343515,25,0.013976251689115862,0.22186611738148196
PETR4.SA,43,2011-02-11,2010-11-17,2011-02-11,3,5,60,48,1,6.559372186660767,26,1000,2.171839663386345,1.0219999767620518,2.039316236972809,0.2733432650566101,7.1198965311050415,0.650834695994854,4.557753926515579,0.025,0.975,True,False,False,4.387532523274421,4.2930847583531335,26,0.013228844785834328,0.21000140061594688
PETR4.SA,44,2011-02-18,2010-11-24,2011-02-18,3,5,60,48,1,6.191808700561523,27,1000,2.1517325390577318,1.0192165143782503,2.01202255487442,0.20158496499061584,7.062235355377197,0.5932578310370445,4.469711399078369,0.025,0.975,True,False,False,4.040076161503792,3.9639037481337787,27,0.012550004709990981,0.19922514849195255
PETR4.SA,45,2011-02-25,2010-12-01,2011-02-25,3,5,60,48,1,6.097990393638611,29,1000,2.1567731511592867,1.0059600793169479,2.014088362455368,0.12835121154785156,6.6340906620025635,0.6734487429261208,4.4862520664930345,0.025,0.975,True,False,False,3.941217242479324,3.917866447697836,29,0.012653308366870071,0.20086504320570628
PETR4.SA,46,2011-03-04,2010-12-08,2011-03-04,3,5,60,48,1,6.099650144577026,29,1000,2.1586211887300015,0.9767553165082336,2.0248031616210938,0.19589775800704956,6.938469171524048,0.6669444605708122,4.404464772343635,0.025,0.975,True,False,False,3.941028955847025,4.034816999958253,29,0.01219253768381953,0.1935505353730197
PETR4.SA,47,2011-03-15,2010-12-15,2011-03-15,3,5,60,48,1,5.242168188095093,28,1000,2.1741638099253175,1.008381155448281,2.018015146255493,0.24128872156143188,6.273415923118591,0.6261959291994572,4.423570013046264,0.025,0.975,True,False,False,3.0680043781697752,3.0425046735486423,28,0.012719838826593348,0.20192118151193783
PETR4.SA,48,2011-03-22,2010-12-22,2011-03-22,3,5,60,48,1,5.117209553718567,28,1000,2.1657361038029195,1.0136065478973335,2.004237025976181,0.23929911851882935,6.310019612312317,0.6140430733561516,4.4383613735437395,0.025,0.975,True,False,False,2.9514734499156474,2.9118531801499343,28,0.0121694807972407,0.19318451864564967
PETR4.SA,190,2014-01-31,2013-11-01,2014-01-31,3,5,60,48,1,4.694975852966309,28,1000,2.0903847358822825,0.97126790450511,1.9544102847576141,0.2562391757965088,5.970486879348755,0.5340029001235962,4.326363459229468,0.025,0.975,True,False,False,2.604591117084026,2.6816402611503394,28,0.023049678990063174,0.36590231044546556
PETR4.SA,194,2014-02-28,2013-12-03,2014-02-28,3,5,60,48,1,4.447643280029297,23,1000,2.1254589823931456,1.0029494312181484,2.010508745908737,0.14514243602752686,7.06402587890625,0.564365690946579,4.442841893434524,0.025,0.975,True,False,False,2.3221842976361513,2.3153553163849,23,0.01926394179879541,0.30580559562260956
PETR4.SA,254,2015-05-20,2015-02-23,2015-05-20,3,5,60,48,1,4.802879095077515,21,1000,2.1975616480112077,0.9763271888679856,2.0590935945510864,0.17027974128723145,5.396089553833008,0.6642252415418625,4.398181587457657,0.025,0.975,True,False,False,2.605317447066307,2.6684880609409984,21,0.032737241186767733,0.5196875927431707
PETR4.SA,255,2015-05-27,2015-03-02,2015-05-27,3,5,60,48,1,4.550626158714294,23,1000,2.1841974635720254,0.999446328471403,2.069068342447281,0.16415393352508545,5.851436495780945,0.6482830539345741,4.463620895147324,0.025,0.975,True,False,False,2.366428695142269,2.3677396451709307,23,0.032493922475940136,0.5158250279540987
PETR4.SA,305,2016-06-02,2016-03-08,2016-06-02,3,5,60,48,1,4.69881272315979,23,1000,2.170105847507715,1.016713805267062,2.020105302333832,0.11147883534431458,6.8477030992507935,0.6416990131139756,4.595502582192421,0.025,0.975,True,False,False,2.528706875652075,2.48713734637237,23,0.04522508670929209,0.7179259947247161
PETR4.SA,307,2016-06-16,2016-03-22,2016-06-16,3,5,60,48,1,4.546079158782959,26,1000,2.167558122009039,0.994369523909398,2.0195827186107635,0.1919611096382141,7.681637525558472,0.5828354701399803,4.385143274068832,0.025,0.975,True,False,False,2.37852103677392,2.391989074064421,26,0.03904871437321049,0.6198791234898503
PETR4.SA,309,2016-06-30,2016-04-06,2016-06-30,3,5,60,48,1,5.245490908622742,27,1000,2.156709800809622,1.0003318272340675,2.0176844894886017,0.17136436700820923,6.825883984565735,0.6329571656882763,4.415742474794388,0.025,0.975,True,False,False,3.0887811078131198,3.0877565061122225,27,0.037677963000692385,0.5981191200439501
PETR4.SA,310,2016-07-07,2016-04-13,2016-07-07,3,5,60,48,1,5.284136414527893,26,1000,2.1589683669507505,0.9884814700479153,2.0729928612709045,0.061366498470306396,7.141600728034973,0.6692670628428459,4.298446542024612,0.025,0.975,True,False,False,3.1251680475771426,3.1615848574537813,26,0.03646592252350973,0.578878573954534
PETR4.SA,311,2016-07-14,2016-04-20,2016-07-14,3,5,60,48,1,5.2803953886032104,28,1000,2.1857825772166253,0.9591681275585638,2.080899029970169,0.11944580078125,6.848889589309692,0.6771951213479042,4.228438913822173,0.025,0.975,True,False,False,3.094612811386585,3.226350753817805,28,0.03509753990273085,0.5571561732767516
PETR4.SA,312,2016-07-21,2016-04-28,2016-07-21,3,5,60,48,1,4.983163833618164,22,1000,2.201366046845913,0.9574316495416164,2.1166176199913025,0.13008594512939453,5.831291913986206,0.6240668818354607,4.254385617375372,0.025,0.975,True,False,False,2.781797786772251,2.9054792455462226,22,0.033873425604901496,0.537723961226502
PETR4.SA,371,2017-09-22,2017-07-03,2017-09-22,3,5,60,48,1,5.24021589756012,28,1000,2.200921826869249,1.000081968186893,2.072280377149582,0.10269773006439209,6.2523521184921265,0.6699078097939491,4.550691401958465,0.025,0.975,True,False,False,3.0392940706908704,3.0390449656851466,28,0.018125063345064148,0.28772646064999335
PETR4.SA,372,2017-09-29,2017-07-10,2017-09-29,3,5,60,48,1,6.672927379608154,33,1000,2.2180248732268812,1.0121565642449797,2.0576430559158325,0.12825775146484375,6.3892998695373535,0.6626139134168625,4.420892149209976,0.025,0.975,True,False,False,4.4549025063812735,4.401396645295105,33,0.01804686331859796,0.28648507371470416
PETR4.SA,373,2017-10-06,2017-07-17,2017-10-06,3,5,60,48,1,5.606979131698608,30,1000,2.2200243271291256,1.042968118159908,2.058240234851837,0.26124346256256104,6.5565266609191895,0.5835080400109292,4.63086321055889,0.025,0.975,True,False,False,3.386954804569483,3.247419308027395,30,0.017711115225137304,0.2811552379639383
PETR4.SA,375,2017-10-20,2017-07-31,2017-10-20,3,5,60,48,1,5.2039642333984375,22,1000,2.234936865389347,1.0158020755239383,2.1106916666030884,0.17568111419677734,6.443693518638611,0.6141590029001236,4.57176561653614,0.025,0.975,True,False,False,2.9690273680090904,2.9228404229019738,22,0.016457025670145013,0.26124718345805875
PETR4.SA,397,2018-03-28,2018-01-02,2018-03-28,3,5,60,48,1,4.504345417022705,24,1000,2.1864786952733994,1.0024841431743483,2.086120218038559,0.14871695637702942,6.956722974777222,0.6457539349794388,4.418325072526931,0.025,0.975,True,False,False,2.3178667217493056,2.3121230769893493,24,0.022076316512045772,0.35045066013133186
PETR4.SA,398,2018-04-05,2018-01-09,2018-04-05,3,5,60,48,1,5.522106647491455,26,1000,2.1559551102519037,0.997864233847925,2.0504754781723022,0.2808251976966858,6.994700193405151,0.6364386051893234,4.36997109055519,0.025,0.975,True,False,False,3.3661515372395514,3.3733562373100896,26,0.02277737789680574,0.3615796645985245
PETR4.SA,402,2018-05-04,2018-02-06,2018-05-04,3,5,60,48,1,5.014267563819885,25,1000,2.1985362157821657,0.9978404414758403,2.0546488165855408,0.18412744998931885,6.285147428512573,0.6504915460944176,4.548097380995751,0.025,0.975,True,False,False,2.8157313480377195,2.8218252447988137,25,0.021896637146955403,0.34759833863677725
PETR4.SA,423,2018-10-03,2018-07-11,2018-10-03,3,5,60,48,1,4.611131548881531,24,1000,2.177085010737181,0.9984709763005449,2.056515872478485,0.15151339769363403,6.586718440055847,0.6157821789383888,4.410303977131843,0.025,0.975,True,False,False,2.43404653814435,2.4377739522913178,24,0.026182518224298658,0.41563459151346427
PETR4.SA,437,2019-01-21,2018-10-19,2019-01-21,3,5,60,48,1,4.538166522979736,20,1000,2.1695962236523627,1.0153177376045128,2.028917282819748,0.3054361343383789,7.658523440361023,0.5912529818713665,4.46732317507267,0.025,0.975,True,False,False,2.3685702993273736,2.3328365216150497,20,0.026317353217122752,0.41777503066771465
PETR4.SA,455,2019-06-03,2019-03-08,2019-06-03,3,5,60,48,1,4.631649136543274,25,1000,2.177501001060009,0.9954662611422267,2.084509402513504,0.21631759405136108,6.738426327705383,0.7117976531386375,4.433583551645278,0.025,0.975,True,False,False,2.454148135483265,2.465325276486322,25,0.023442485963213282,0.3721379278307088
PETR4.SA,508,2020-06-26,2020-03-31,2020-06-26,3,5,60,48,1,4.952905654907227,25,1000,2.0881506738364695,0.9879343475187217,1.9565937519073486,0.15615415573120117,6.628257989883423,0.5461107477545738,4.354651936888694,0.025,0.975,True,False,False,2.864754981070757,2.8997422635075143,25,0.03174554047666969,0.5039448320196173
PETR4.SA,509,2020-07-03,2020-04-07,2020-07-03,3,5,60,48,1,4.377336740493774,23,1000,2.1269155177772046,0.9728311436446351,2.036294460296631,0.1779513955116272,6.0796685218811035,0.5511250168085098,4.338332012295723,0.025,0.975,True,False,False,2.25042122271657,2.3132701264944546,23,0.029910022601550935,0.4748068890721496
PETR4.SA,638,2023-02-06,2022-11-11,2023-02-06,3,5,60,48,1,4.487255692481995,26,1000,2.1475580655634405,0.98292918663471,2.072746217250824,0.10059171915054321,5.770611047744751,0.5982269704341888,4.414263287186621,0.025,0.975,True,False,False,2.339697626918554,2.380331827289676,26,0.028843420557322138,0.4578751065307345
PETR4.SA,657,2023-06-27,2023-03-30,2023-06-27,3,5,60,48,1,4.428752422332764,25,1000,2.174575369000435,0.9740632520894095,2.034593343734741,0.24043625593185425,7.257934212684631,0.635191299021244,4.371739917993545,0.025,0.975,True,False,False,2.2541770533323287,2.3141998720278356,25,0.021726402811339637,0.3448959523369155
PETR4.SA,658,2023-07-04,2023-04-06,2023-07-04,3,5,60,48,1,4.925277948379517,26,1000,2.181309615880251,0.9500568453661723,2.0458537340164185,0.18858635425567627,6.015923500061035,0.6628413192927838,4.314470064640045,0.025,0.975,True,False,False,2.7439683324992656,2.888214895648356,26,0.022077016672745937,0.35046177483787433
PETR4.SA,659,2023-07-11,2023-04-14,2023-07-11,3,5,60,48,1,5.388414978981018,28,1000,2.195719570875168,0.9855279813906069,2.0394634306430817,0.1906290054321289,6.063318729400635,0.6559472993016243,4.469858902692794,0.025,0.975,True,False,False,3.19269540810585,3.239578650624277,28,0.021593696770324976,0.34278930924491113
PETR4.SA,660,2023-07-18,2023-04-24,2023-07-18,3,5,60,48,1,4.949171185493469,23,1000,2.2137193633019923,0.9863960533248392,2.0999898612499237,0.051039040088653564,6.9849560260772705,0.7115775272250175,4.531339171528816,0.025,0.975,True,False,False,2.735451822191477,2.773177987656283,23,0.02116356931037092,0.3359612474983212
PETR4.SA,775,2025-11-03,2025-08-12,2025-11-03,3,5,60,48,1,4.749421000480652,25,1000,2.1585374328494074,1.0009443672332679,2.020100176334381,0.23364686965942383,6.009239435195923,0.6200778871774674,4.465710142254829,0.025,0.975,True,False,False,2.5908835676312445,2.5884391305310626,25,0.009639852588081477,0.15302791574031574
VALE3.SA,35,2010-12-14,2010-09-17,2010-12-14,5,5,60,40,1,4.185343861579895,24,1000,1.7973151974678039,0.8645407906516808,1.6617603302001953,0.09356051683425903,5.124264240264893,0.4726254552602768,3.697562178969383,0.025,0.975,True,False,False,2.388028664112091,2.7621931665156283,24,0.014637056997415701,0.2323560764462384
VALE3.SA,36,2010-12-21,2010-09-24,2010-12-21,5,5,60,40,1,3.8491629362106323,21,1000,1.7970008670985698,0.85840801634462,1.6669278144836426,0.07807332277297974,5.621578574180603,0.46142336130142214,3.6754841178655613,0.025,0.975,True,False,False,2.052162069112063,2.3906604202635884,21,0.014385495914243356,0.22836266805254204
VALE3.SA,37,2010-12-29,2010-10-01,2010-12-29,5,5,60,40,1,5.38142716884613,23,1000,1.7896360260248185,0.8495248231667448,1.687212973833084,0.014410734176635742,5.8543184995651245,0.4865085020661354,3.645223724842071,0.025,0.975,True,False,False,3.591791142821312,4.228000224210417,23,0.014256746263147225,0.22631883070342185
VALE3.SA,38,2011-01-06,2010-10-08,2011-01-06,5,5,60,40,1,5.065032601356506,19,1000,1.8124617438912392,0.8519510660554919,1.7189524471759796,0.12955915927886963,5.330187559127808,0.39587792903184893,3.7381253242492662,0.025,0.975,True,False,False,3.252570857465267,3.8177907007318783,19,0.015076467846316619,0.23933150742369205
VALE3.SA,91,2012-01-30,2011-11-03,2012-01-30,5,5,60,40,1,3.8789143562316895,17,1000,1.8100720065236091,0.8453829363268061,1.7066654562950134,0.07407927513122559,4.842922806739807,0.4647220641374588,3.778496921062468,0.025,0.975,True,False,False,2.0688423497080803,2.4472251104300886,17,0.018278783410277347,0.29016669103444187
VALE3.SA,92,2012-02-06,2011-11-10,2012-02-06,5,5,60,40,1,3.9314128160476685,19,1000,1.7806987159848213,0.8653093664980249,1.6504112780094147,0.10565757751464844,6.719150424003601,0.47653043568134307,3.7048951268196095,0.025,0.975,True,False,False,2.150714100062847,2.4854857503356937,19,0.017995324505227863,0.28566692041643627
VALE3.SA,93,2012-02-13,2011-11-18,2012-02-13,5,5,60,40,1,4.170848727226257,19,1000,1.7856314376294613,0.8786499248052891,1.6447065472602844,0.10918879508972168,6.088997840881348,0.46095115691423416,3.812037479877471,0.025,0.975,True,False,False,2.3852172895967962,2.7146389275858254,19,0.018044633881524465,0.28644968249834335
VALE3.SA,113,2012-07-11,2012-04-16,2012-07-11,5,5,60,40,1,3.7058534622192383,19,1000,1.7990749042630196,0.8534001931049388,1.6836345791816711,0.12676149606704712,6.017717719078064,0.43778576999902724,3.6749694705009444,0.025,0.975,True,False,False,1.9067785579562186,2.234331059873279,19,0.016772366222878088,0.26625305954301093
VALE3.SA,140,2013-01-30,2012-10-29,2013-01-30,5,5,60,40,1,3.89171826839447,22,1000,1.8142494815587997,0.8642035507139917,1.7207356095314026,0.025896191596984863,5.761241793632507,0.4476790636777878,3.8196430653333664,0.025,0.975,True,False,False,2.0774687868356705,2.4039114223949873,22,0.016260814031300985,0.25813242025375244
VALE3.SA,164,2013-07-25,2013-04-30,2013-07-25,5,5,60,40,1,4.496203422546387,18,1000,1.8665436371564865,0.905676521912413,1.7574005722999573,0.16185927391052246,5.776025652885437,0.47745928913354874,4.109908965229987,0.025,0.975,True,False,False,2.6296597853899,2.9035309205511366,18,0.02261937179410126,0.359071395478205
VALE3.SA,165,2013-08-01,2013-05-08,2013-08-01,5,5,60,40,1,4.005744576454163,15,1000,1.8377010412812234,0.8982534988226758,1.7264119386672974,0.10636389255523682,5.997468590736389,0.4937708765268326,3.9291684895753853,0.025,0.975,True,False,False,2.1680435351729392,2.4136210301596974,15,0.022160446569333338,0.3517861833875429
VALE3.SA,167,2013-08-15,2013-05-22,2013-08-15,5,5,60,40,1,4.054507613182068,13,1000,1.7915163241922856,0.8585998577945018,1.6681454181671143,0.20014971494674683,5.64605450630188,0.44389150440692904,3.7419050931930533,0.025,0.975,True,False,False,2.2629912889897823,2.6356762914016336,13,0.022394645373109603,0.3555039741403878
VALE3.SA,168,2013-08-22,2013-05-29,2013-08-22,5,5,60,40,1,3.7687355279922485,17,1000,1.8117315576672555,0.8437917211921433,1.707798182964325,0.06353461742401123,5.7484718561172485,0.48127012252807616,3.631650114059448,0.025,0.975,True,False,False,1.957003970324993,2.319297429891891,17,0.022797001889943144,0.3618911858319542
VALE3.SA,174,2013-10-03,2013-07-12,2013-10-03,5,5,60,40,1,3.676009774208069,19,1000,1.7718828338086605,0.835238799181895,1.6912580132484436,0.2099822759628296,6.20813250541687,0.48307993859052656,3.589760726690292,0.025,0.975,True,False,False,1.9041269403994083,2.279739569407545,19,0.017277868064449014,0.274277652503502
VALE3.SA,185,2013-12-23,2013-09-27,2013-12-23,5,5,60,40,1,4.2290836572647095,18,1000,1.8622358305752278,0.9076549622186696,1.739746481180191,0.1477230191230774,5.754745721817017,0.5368739247322083,4.185497891902923,0.025,0.975,True,False,False,2.3668478266894817,2.607651503280459,18,0.01650422097717916,0.2619963857308289
VALE3.SA,186,2014-01-03,2013-10-04,2014-01-03,5,5,60,40,1,5.05732786655426,16,1000,1.8501011024713516,0.888116063397735,1.7180153131484985,0.1444946527481079,5.393682837486267,0.4760811150074005,4.03097542822361,0.025,0.975,True,False,False,3.2072267640829084,3.611269851164239,16,0.01677215042515071,0.26624963386029016
VALE3.SA,187,2014-01-10,2013-10-11,2014-01-10,5,5,60,40,1,4.796876072883606,19,1000,1.8446424947977067,0.8644442388961237,1.705241084098816,0.14793801307678223,5.615045428276062,0.5029315322637558,3.83755584359169,0.025,0.975,True,False,False,2.9522335780858993,3.4151810437835026,19,0.017466705356890738,0.2772753515878355
VALE3.SA,188,2014-01-17,2013-10-18,2014-01-17,5,5,60,40,1,4.204902410507202,16,1000,1.8233752777576446,0.8500383839980609,1.691577672958374,0.02303135395050049,5.4810322523117065,0.550410407781601,3.8333941519260404,0.025,0.975,True,False,False,2.3815271327495573,2.8016701099405767,16,0.016268930133814564,0.25826125938694866
VALE3.SA,197,2014-03-25,2013-12-26,2014-03-25,5,5,60,40,1,4.02070152759552,21,1000,1.8272858348488807,0.8627917185519562,1.7331022024154663,0.1963123083114624,5.336640000343323,0.5163857340812683,3.6934525936841953,0.025,0.975,True,False,False,2.1934156927466395,2.5422308137448293,21,0.01848353508651081,0.29341702312946605
VALE3.SA,198,2014-04-01,2014-01-06,2014-04-01,5,5,60,40,1,4.090463161468506,23,1000,1.8056677303314208,0.8594244842207791,1.6876050233840942,0.08319973945617676,5.511154055595398,0.4686477810144425,3.8479944765567766,0.025,0.975,True,False,False,2.284795431137085,2.658517965320313,23,0.01809806529810641,0.28729787994118566
VALE3.SA,203,2014-05-09,2014-02-10,2014-05-09,5,5,60,40,1,4.004213452339172,15,1000,1.7895224356651307,0.8434373871855477,1.657690942287445,0.12362360954284668,4.985244512557983,0.45866475701332093,3.6399986267089828,0.025,0.975,True,False,False,2.214691016674042,2.625791849308705,15,0.01660769421759678,0.263638972499799
VALE3.SA,204,2014-05-16,2014-02-17,2014-05-16,5,5,60,40,1,3.9076985120773315,18,1000,1.7970312903523444,0.8253017796171735,1.7004297375679016,0.142391175031662,4.584469318389893,0.5061866328120231,3.6597028821706767,0.025,0.975,True,False,False,2.110667221724987,2.5574490130192693,18,0.01777008001227673,0.282091274941223
VALE3.SA,206,2014-05-30,2014-03-05,2014-05-30,5,5,60,40,1,4.023524641990662,17,1000,1.8091178935170174,0.8736492771972245,1.675711989402771,0.12078821659088135,5.60923159122467,0.4965339407324791,3.735452914237976,0.025,0.975,True,False,False,2.2144067484736443,2.5346632868257344,17,0.017998629045166598,0.2857193783616885
VALE3.SA,208,2014-06-16,2014-03-19,2014-06-16,5,5,60,40,1,4.237097263336182,16,1000,1.8015419965982438,0.8904922420381362,1.6970948576927185,0.12325835227966309,6.452758312225342,0.4379290848970413,3.7217777132987973,0.025,0.975,True,False,False,2.435555266737938,2.735066238380135,16,0.01709058678529311,0.2713046543643145
VALE3.SA,209,2014-06-24,2014-03-26,2014-06-24,5,5,60,40,1,4.38561737537384,16,1000,1.8168094781041146,0.8745812159824403,1.7136783599853516,0.13721787929534912,5.8927448987960815,0.43300581574440006,3.849399834871292,0.025,0.975,True,False,False,2.5688078972697257,2.9371862216182123,16,0.01707232736651563,0.2710147950772957
VALE3.SA,229,2014-11-12,2014-08-21,2014-11-12,5,5,60,40,1,4.040849566459656,20,1000,1.7729682865142822,0.8227382237140471,1.6370119452476501,0.04423338174819946,4.7695008516311646,0.46876745522022245,3.556964957714079,0.025,0.975,True,False,False,2.2678812799453736,2.756504091553675,20,0.019987490031972914,0.31729156774189665
VALE3.SA,230,2014-11-19,2014-08-28,2014-11-19,5,5,60,40,1,3.726139783859253,23,1000,1.772601911559701,0.8541349302316922,1.63504558801651,0.008270621299743652,5.854309916496277,0.473703995347023,3.6813089102506638,0.025,0.975,True,False,False,1.953537872299552,2.2871537074003476,23,0.020874834985228942,0.3313777321825588
VALE3.SA,256,2015-06-03,2015-03-09,2015-06-03,5,5,60,40,1,3.846923589706421,14,1000,1.8042863153219224,0.8799780436658128,1.6680204272270203,0.03968644142150879,6.625622391700745,0.4848358079791069,3.8324478447437285,0.025,0.975,True,False,False,2.0426372743844983,2.321236636627068,14,0.039948876101528814,0.6341687479270606
VALE3.SA,257,2015-06-11,2015-03-16,2015-06-11,5,5,60,40,1,4.237573504447937,12,1000,1.7637652177214622,0.8479319891747212,1.6079352796077728,0.040374696254730225,5.343172907829285,0.5141074731945992,3.7634091228246684,0.025,0.975,True,False,False,2.4738082867264746,2.917460737781804,12,0.04068612331272963,0.6458721845807401
VALE3.SA,258,2015-06-18,2015-03-23,2015-06-18,5,5,60,40,1,3.7243056297302246,13,1000,1.762656451612711,0.8410607950580902,1.6413806080818176,0.18642845749855042,5.138546943664551,0.4437152028083801,3.672760185599327,0.025,0.975,True,False,False,1.9616491781175136,2.332351227929994,13,0.040443243434523955,0.6420165860435769
VALE3.SA,273,2015-10-05,2015-07-13,2015-10-05,5,5,60,40,1,4.253170371055603,16,1000,1.8035536958277225,0.8702534334633878,1.6928735375404358,0.09699928760528564,5.055600643157959,0.4391709163784981,3.8252402186393732,0.025,0.975,True,False,False,2.4496166752278805,2.8148313824847873,16,0.0377666425212121,0.5995268637900277
VALE3.SA,274,2015-10-13,2015-07-20,2015-10-13,5,5,60,40,1,4.279902696609497,20,1000,1.797722577035427,0.8366580226484568,1.6682469844818115,0.0929211974143982,5.3835577964782715,0.5046020314097405,3.584236621856688,0.025,0.975,True,False,False,2.4821801195740703,2.9667797981745063,20,0.04057317971917981,0.6440792606164755
VALE3.SA,279,2015-11-18,2015-08-24,2015-11-18,5,5,60,40,1,4.496637582778931,22,1000,1.8279083622395993,0.8624928086331445,1.729461431503296,0.07944786548614502,4.464530944824219,0.4394245445728302,3.7650272250175476,0.025,0.975,True,False,False,2.6687292205393316,3.094204605333072,22,0.0396254891863116,0.629035139797558
VALE3.SA,280,2015-11-26,2015-08-31,2015-11-26,5,5,60,40,1,4.631718873977661,19,1000,1.849819470435381,0.8683325811092105,1.7282859086990356,0.05869370698928833,4.944871783256531,0.46420117318630216,3.7626551061868665,0.025,0.975,True,False,False,2.78189940354228,3.203725696885258,19,0.03554538878197283,0.5642655538332313
VALE3.SA,287,2016-01-20,2015-10-21,2016-01-20,5,5,60,40,1,4.081127285957336,19,1000,1.8031639758646487,0.8757922063029161,1.6970994472503662,0.04227447509765625,6.132620453834534,0.4310695558786392,3.8535421818494795,0.025,0.975,True,False,False,2.2779633100926877,2.6010317215643197,19,0.0352652403645097,0.5598183355764569
VALE3.SA,321,2016-09-23,2016-07-01,2016-09-23,5,5,60,40,1,3.667181968688965,14,1000,1.7987970398664475,0.8515404490459314,1.6869686245918274,0.14236080646514893,5.585385799407959,0.4765513226389885,3.6452349245548246,0.025,0.975,True,False,False,1.8683849288225174,2.1941235215730055,14,0.02968397080748523,0.47121842808904246
VALE3.SA,322,2016-09-30,2016-07-08,2016-09-30,5,5,60,40,1,4.577733397483826,20,1000,1.808729110300541,0.8768624038473344,1.692596435546875,0.0780097246170044,6.064168095588684,0.48020176589488983,3.8361728966236113,0.025,0.975,True,False,False,2.769004287183285,3.1578549553886233,20,0.02883068067878219,0.45767286722863526
VALE3.SA,323,2016-10-07,2016-07-15,2016-10-07,5,5,60,40,1,4.179745197296143,19,1000,1.8117153341770171,0.8911803108466261,1.7095497846603394,0.0582769513130188,5.661756873130798,0.4665309116244316,3.850704091787338,0.025,0.975,True,False,False,2.3680298631191254,2.6571837756037096,19,0.027783464027304115,0.44104881825693454
VALE3.SA,335,2017-01-05,2016-10-10,2017-01-05,5,5,60,40,1,4.200528502464294,21,1000,1.7788242264986038,0.8720220321183372,1.6810007691383362,0.0360642671585083,5.564778685569763,0.45548185110092165,3.7763547778129567,0.025,0.975,True,False,False,2.4217042759656904,2.7771136356300854,21,0.03434830461239388,0.5452624317665222
VALE3.SA,341,2017-02-17,2016-11-24,2017-02-17,5,5,60,40,1,3.9418463706970215,18,1000,1.819180691897869,0.8789914812231058,1.7210524678230286,0.1068490743637085,6.169530153274536,0.47490833997726445,3.692866319417952,0.025,0.975,True,False,False,2.1226656787991525,2.4148876572108406,18,0.03438754083373302,0.5458852874708178
VALE3.SA,366,2017-08-18,2017-05-29,2017-08-18,5,5,60,40,1,4.774268865585327,20,1000,1.782892501205206,0.8694324398992864,1.6433346271514893,0.010246038436889648,5.501130223274231,0.4878591910004616,3.732853549718856,0.025,0.975,True,False,False,2.9913763643801214,3.440608179661018,20,0.019881887977024375,0.3156151870899094
VALE3.SA,367,2017-08-25,2017-06-05,2017-08-25,5,5,60,40,1,4.487065553665161,20,1000,1.7812784074246883,0.8949526092128252,1.6487713754177094,0.021799087524414062,6.0069663524627686,0.4375898167490959,3.957844579219818,0.025,0.975,True,False,False,2.705787146240473,3.02338595182197,20,0.018919152526713907,0.3003322356107057
VALE3.SA,368,2017-09-01,2017-06-12,2017-09-01,5,5,60,40,1,4.339196085929871,19,1000,1.7973619298040866,0.8447316765033597,1.6879135966300964,0.17280834913253784,5.687804460525513,0.42862822115421295,3.74352775812149,0.025,0.975,True,False,False,2.541834156125784,3.009043258147162,19,0.018915377120294643,0.3002723028918043
VALE3.SA,381,2017-12-01,2017-09-11,2017-12-01,5,5,60,40,1,3.6366394758224487,20,1000,1.7608663046061992,0.8276936031665025,1.6686598658561707,0.04903221130371094,4.564662337303162,0.4044209703803063,3.574899876117706,0.025,0.975,True,False,False,1.8757731712162495,2.2662651542069616,20,0.018424536451497244,0.29248044883383706
VALE3.SA,454,2019-05-27,2019-02-27,2019-05-27,5,5,60,40,1,3.9237403869628906,22,1000,1.8112725769281388,0.8738927696540252,1.6840065121650696,0.1546892523765564,5.5776097774505615,0.435281378030777,3.7904307246208186,0.025,0.975,True,False,False,2.112467810034752,2.4173078018154097,22,0.018079251370293915,0.28699921809612855
VALE3.SA,518,2020-09-04,2020-06-15,2020-09-04,5,5,60,40,1,4.1239176988601685,15,1000,1.8199635892808437,0.8631391100823846,1.7099191844463348,0.07794171571731567,5.567950367927551,0.45757777988910675,3.730665546655655,0.025,0.975,True,False,False,2.303954109579325,2.6692732175690863,15,0.020056156566930335,0.3183816151912358
VALE3.SA,520,2020-09-21,2020-06-29,2020-09-21,5,5,60,40,1,4.202759027481079,16,1000,1.8272400684654713,0.8852233247510506,1.723469316959381,0.16613906621932983,5.859136581420898,0.4835210978984833,3.893832942843437,0.025,0.975,True,False,False,2.375518959015608,2.6835250411907863,16,0.02200017462594703,0.3492419451614958
VALE3.SA,521,2020-09-28,2020-07-06,2020-09-28,5,5,60,40,1,3.9505544900894165,17,1000,1.8215862811505794,0.8743866432211839,1.6840952634811401,0.026202142238616943,5.842188715934753,0.5170726001262664,3.910003808140754,0.025,0.975,True,False,False,2.1289682089388373,2.434813277906277,17,0.0218741291595106,0.34724103541302814
VALE3.SA,523,2020-10-13,2020-07-20,2020-10-13,5,5,60,40,1,3.808199405670166,15,1000,1.834295246809721,0.8666709499260558,1.7142901420593262,0.04705128073692322,5.489283800125122,0.4417297214269638,3.7611939042806624,0.025,0.975,True,False,False,1.9739041588604451,2.2775704655023437,15,0.020004137300927954,0.3175558349438773
VALE3.SA,533,2020-12-28,2020-09-29,2020-12-28,5,5,60,40,1,5.174699902534485,20,1000,1.765361444592476,0.8426846405806396,1.660690188407898,0.1541053056716919,5.978609204292297,0.45538817495107653,3.7133306354284277,0.025,0.975,True,False,False,3.4093384579420087,4.045805861126,20,0.018461162004766093,0.2930618614673142
VALE3.SA,534,2021-01-06,2020-10-06,2021-01-06,5,5,60,40,1,3.727399468421936,20,1000,1.7822052729725837,0.8570503447954014,1.6391538381576538,0.06930035352706909,5.305720329284668,0.4687487930059433,3.713384518027305,0.025,0.975,True,False,False,1.9451941954493523,2.2696381925074856,20,0.0190838555101406,0.3029468144167302
VALE3.SA,536,2021-01-20,2020-10-21,2021-01-20,5,5,60,40,1,4.022077918052673,20,1000,1.7801286939680576,0.8511222404303845,1.6523640751838684,0.10789632797241211,6.479941964149475,0.44834424555301666,3.6834896385669698,0.025,0.975,True,False,False,2.2419492240846157,2.6341095527605245,20,0.02227754093008246,0.3536449987383645
VALE3.SA,537,2021-01-28,2020-10-28,2021-01-28,5,5,60,40,1,4.042392134666443,18,1000,1.7964746501743794,0.8612393426647338,1.6884726881980896,0.12610864639282227,5.487854838371277,0.4459998458623886,3.7351832836866374,0.025,0.975,True,False,False,2.2459174844920637,2.607773905849494,18,0.02279778924265797,0.3619036846688193
VALE3.SA,555,2021-06-10,2021-03-16,2021-06-10,5,5,60,40,1,3.8188674449920654,19,1000,1.8200702886879445,0.8772411484336764,1.6875667572021484,0.08781754970550537,5.2421029806137085,0.4459059327840805,3.6830712109804153,0.025,0.975,True,False,False,1.998797156304121,2.2785036473414353,19,0.019145606374101936,0.3039270789924407
VALE3.SA,556,2021-06-17,2021-03-23,2021-06-17,5,5,60,40,1,4.1378525495529175,21,1000,1.8051173177361488,0.8572161354124752,1.7179430723190308,0.12892639636993408,5.209987282752991,0.4207048758864403,3.737690004706382,0.025,0.975,True,False,False,2.332735231816769,2.721291790307124,21,0.0197271915182206,0.31315945693772657
VALE3.SA,559,2021-07-08,2021-04-14,2021-07-08,5,5,60,40,1,4.792507290840149,19,1000,1.7883742814660073,0.8533546509585405,1.6912798583507538,0.13216769695281982,5.31840181350708,0.4728640913963318,3.749825552105903,0.025,0.975,True,False,False,3.004133009374142,3.5203804256527045,19,0.01759987063365156,0.2793892848213048
VALE3.SA,560,2021-07-16,2021-04-22,2021-07-16,5,5,60,40,1,3.902942419052124,17,1000,1.7834080322086812,0.8443837061059287,1.6601508855819702,0.05714303255081177,4.920502185821533,0.4279372841119766,3.727387824654579,0.025,0.975,True,False,False,2.119534386843443,2.5101554796908236,17,0.01718801234534836,0.2728512371837988
VALE3.SA,654,2023-06-05,2023-03-09,2023-06-05,5,5,60,40,1,3.957957148551941,17,1000,1.7905414422154426,0.8440687539468251,1.66915625333786,0.13551467657089233,5.088270783424377,0.4989313781261444,3.71758850812912,0.025,0.975,True,False,False,2.1674157063364983,2.567818908355233,17,0.019693475733980635,0.3126242354555878
WEGE3.SA,22,2010-09-09,2010-06-16,2010-09-09,2,5,60,52,1,6.224980354309082,31,1000,2.7961251361370087,1.1157263197802485,2.622529476881027,0.42697203159332275,8.198653221130371,0.9928240954875946,5.300259923934936,0.025,0.975,True,False,False,3.4288552181720733,3.0732045640434604,31,0.014586018971103875,0.23154587289606643
WEGE3.SA,29,2010-10-29,2010-08-05,2010-10-29,2,5,60,52,1,5.382093966007233,28,1000,2.791636499941349,1.1032204712347584,2.7147254049777985,0.35393571853637695,7.2484235763549805,0.9484044820070267,5.243494191765785,0.025,0.975,True,False,False,2.5904574660658835,2.348086836320725,28,0.014625442095600334,0.23217169559600304
WEGE3.SA,31,2010-11-16,2010-08-19,2010-11-16,2,5,60,52,1,5.496976435184479,30,1000,2.7750109779536722,1.099816862638246,2.68078550696373,0.18936008214950562,6.483554244041443,0.9768795534968376,5.141194215416907,0.025,0.975,True,False,False,2.7219654572308065,2.4749260987882495,30,0.014903062058148541,0.23657877587534076
WEGE3.SA,32,2010-11-23,2010-08-26,2010-11-23,2,5,60,52,1,5.969169080257416,30,1000,2.7654919829666613,1.0925329880454264,2.6538358330726624,0.2885594964027405,6.4514464139938354,0.9596522137522697,5.233183404803276,0.025,0.975,True,False,False,3.2036770972907544,2.932339007009964,30,0.014836232694121428,0.2355178926103867
WEGE3.SA,33,2010-11-30,2010-09-02,2010-11-30,2,5,60,52,1,6.097607135772705,29,1000,2.7258467821478845,1.0941291267609545,2.6180636882781982,0.19571751356124878,6.889898419380188,0.9134937733411789,5.094961959123611,0.025,0.975,True,False,False,3.3717603536248206,3.081684118588942,29,0.014724177172160072,0.23373906634553898
WEGE3.SA,34,2010-12-07,2010-09-10,2010-12-07,2,5,60,52,1,6.386412620544434,32,1000,2.7269935263991356,1.0876101668435065,2.641494631767273,0.2973060607910156,6.047187328338623,0.8602787733078003,5.089590099453925,0.025,0.975,True,False,False,3.659419094145298,3.364642227247442,32,0.015060421904728272,0.23907678599772425
WEGE3.SA,35,2010-12-14,2010-09-17,2010-12-14,2,5,60,52,1,5.515780329704285,30,1000,2.7330031132102013,1.0917608745293383,2.6110848784446716,0.36043673753738403,6.612712144851685,0.8855925366282463,5.079479441046714,0.025,0.975,True,False,False,2.7827772164940834,2.5488889384259603,30,0.01609564733781792,0.2555104802787903
WEGE3.SA,88,2012-01-06,2011-10-11,2012-01-06,2,5,60,52,1,5.402150511741638,29,1000,2.8098462580442427,1.134870702360386,2.6708656549453735,0.3886118531227112,6.847143888473511,0.912337239086628,5.285920998454092,0.025,0.975,True,False,False,2.5923042536973955,2.2842287216558983,29,0.016789081577636308,0.2665184075736098
WEGE3.SA,104,2012-05-07,2012-02-07,2012-05-07,2,5,60,52,1,5.137573838233948,27,1000,2.720817302018404,1.1149368211384967,2.5755411982536316,0.30379873514175415,6.40839147567749,0.9462485864758492,5.040714910626411,0.025,0.975,True,False,False,2.416756536215544,2.167617474277797,27,0.013280070232594402,0.2108145793734989
WEGE3.SA,118,2012-08-15,2012-05-22,2012-08-15,2,5,60,52,1,5.423399209976196,27,1000,2.7306446482241156,1.1332824613519343,2.6406505405902863,0.4672237038612366,6.541982650756836,0.9106591135263443,5.280913427472115,0.025,0.975,True,False,False,2.6927545617520807,2.3760665620288473,27,0.016199820048207383,0.25716417078933074
WEGE3.SA,122,2012-09-13,2012-06-20,2012-09-13,2,5,60,52,1,5.365500807762146,28,1000,2.755613874435425,1.1264009515606668,2.6525073051452637,0.40343886613845825,6.299411177635193,0.9418630376458168,5.282455840706825,0.025,0.975,True,False,False,2.609886933326721,2.3170141411107954,28,0.017195246842006393,0.27296608125790606
WEGE3.SA,179,2013-11-07,2013-08-16,2013-11-07,2,5,60,52,1,5.402946710586548,22,1000,2.735840652257204,1.1184443554905124,2.5812246799468994,0.31600189208984375,7.30154013633728,0.9717600092291833,5.166952416300774,0.025,0.975,True,False,False,2.667106058329344,2.3846569078169653,22,0.009564144228016267,0.15182608278290927
WEGE3.SA,180,2013-11-14,2013-08-23,2013-11-14,2,5,60,52,1,6.276864051818848,27,1000,2.7438168212771417,1.1194641782404582,2.585804045200348,0.47512269020080566,6.8238033056259155,1.048141661286354,5.257242560386658,0.025,0.975,True,False,False,3.533047230541706,3.156016332827057,27,0.00954420300521044,0.1515095256846128
WEGE3.SA,181,2013-11-25,2013-08-30,2013-11-25,2,5,60,52,1,8.380900263786316,30,1000,2.725817390084267,1.134160183108005,2.5682526230812073,0.29794543981552124,7.0685906410217285,0.9219406843185425,5.331302544474601,0.025,0.975,True,False,False,5.6550828737020495,4.986141250528737,30,0.009470118473842944,0.15033347020864182
WEGE3.SA,182,2013-12-02,2013-09-06,2013-12-02,2,5,60,52,1,6.952537536621094,29,1000,2.7047845971286297,1.131614830510413,2.5573492646217346,0.35450103878974915,7.764621376991272,0.9208000153303146,5.3600029170513155,0.025,0.975,True,False,False,4.2477529394924645,3.7537091464032177,29,0.010854469042577367,0.1723093542018545
WEGE3.SA,183,2013-12-09,2013-09-13,2013-12-09,2,5,60,52,1,6.060535788536072,26,1000,2.7174031469225883,1.1766255885662802,2.5404974222183228,0.23057866096496582,8.17420744895935,0.9024010837078095,5.450835070014,0.025,0.975,True,False,False,3.3431326416134834,2.841288404824762,26,0.01075702505128084,0.1707624787954856
WEGE3.SA,249,2015-04-13,2015-01-15,2015-04-13,2,5,60,52,1,5.883847713470459,31,1000,2.7447367483079432,1.1245803180948941,2.6416203677654266,0.3800978660583496,7.0922170877456665,0.9018570959568024,5.236944615840912,0.025,0.975,True,False,False,3.1391109651625158,2.7913621772078994,31,0.013762473656703626,0.21847249632429308
WEGE3.SA,287,2016-01-20,2015-10-21,2016-01-20,2,5,60,52,1,5.310111165046692,23,1000,2.7471448221504686,1.1150694543864048,2.5982300639152527,0.4148258566856384,7.891686916351318,0.9560945495963097,5.188385847210884,0.025,0.975,True,False,False,2.5629663428962233,2.298481348237236,23,0.02577540095868628,0.4091718052779584
WEGE3.SA,288,2016-01-28,2015-10-28,2016-01-28,2,5,60,52,1,5.410924553871155,22,1000,2.747550877183676,1.1449644326952715,2.6131922006607056,0.4229831099510193,8.724542737007141,0.9557466596364975,5.269553354382514,0.025,0.975,True,False,False,2.663373676687479,2.3261628052653465,22,0.02735383928498086,0.4342287369053293
WEGE3.SA,289,2016-02-04,2015-11-05,2016-02-04,2,5,60,52,1,5.554240345954895,24,1000,2.728214993327856,1.1335972701901291,2.608419746160507,0.523125946521759,8.39503526687622,0.9026305809617042,5.264744693040847,0.025,0.975,True,False,False,2.826025352627039,2.4929712049792188,24,0.028088749348393945,0.4458950724880677
WEGE3.SA,290,2016-02-15,2015-11-12,2016-02-15,2,5,60,52,1,5.479904413223267,20,1000,2.7430968876183033,1.1287370990907462,2.6180208921432495,0.4754132628440857,8.254258871078491,0.9986221536993981,5.369725289940833,0.025,0.975,True,False,False,2.7368075256049633,2.4246633939910347,20,0.026504526049699426,0.4207463072708271
WEGE3.SA,296,2016-03-29,2015-12-29,2016-03-29,2,5,60,52,1,5.763648092746735,27,1000,2.744930751979351,1.1134188512020162,2.598326802253723,0.37764233350753784,6.785940885543823,0.8965648874640465,5.286235046386719,0.025,0.975,True,False,False,3.0187173407673837,2.7112145061209083,27,0.02792826784837433,0.4433475076535966
WEGE3.SA,297,2016-04-05,2016-01-07,2016-04-05,2,5,60,52,1,5.676833152770996,28,1000,2.7262318981587885,1.1407703416667705,2.5698488354682922,0.35987764596939087,7.810115575790405,0.8410458490252495,5.262354704737663,0.025,0.975,True,False,False,2.9506012546122076,2.586498918179366,28,0.027142715584857445,0.43087725206693933
WEGE3.SA,299,2016-04-19,2016-01-21,2016-04-19,2,5,60,52,1,5.293456792831421,26,1000,2.7303531039059163,1.1394752866974875,2.5970429182052612,0.3856682777404785,6.7037752866744995,0.9183775395154953,5.243196290731429,0.025,0.975,True,False,False,2.5631036889255046,2.2493718984938087,26,0.026802096558899365,0.4254700926599265
WEGE3.SA,364,2017-08-04,2017-05-15,2017-08-04,2,5,60,52,1,5.6634602546691895,29,1000,2.724543556064367,1.0874547936230203,2.5867234766483307,0.37233054637908936,7.333859086036682,0.9678679347038269,5.157708588242531,0.025,0.975,True,False,False,2.9389166986048223,2.7025644797733395,29,0.014177010035157728,0.2250530573249665
WEGE3.SA,365,2017-08-11,2017-05-22,2017-08-11,2,5,60,52,1,7.633091688156128,32,1000,2.7360539226830007,1.0647126605865558,2.647338569164276,0.3823401927947998,7.478533387184143,0.9576041549444199,5.0627411693334565,0.025,0.975,True,False,False,4.897037765473128,4.599398454391745,32,0.012239108505462337,0.19428982424753258
WEGE3.SA,366,2017-08-18,2017-05-29,2017-08-18,2,5,60,52,1,5.67259418964386,27,1000,2.728611781805754,1.1022985317598804,2.5882256031036377,0.20123380422592163,6.769014477729797,0.9338440507650375,5.080523112416267,0.025,0.975,True,False,False,2.943982407838106,2.6707668775879396,27,0.01305430337706464,0.20723064164942212
WEGE3.SA,367,2017-08-25,2017-06-05,2017-08-25,2,5,60,52,1,5.194793462753296,25,1000,2.702614707797766,1.105809396594946,2.5542659759521484,0.3491845726966858,7.165899753570557,0.9082906901836395,5.084787377715111,0.025,0.975,True,False,False,2.49217875495553,2.253714575612714,25,0.012730729476908117,0.20209406522602968
WEGE3.SA,368,2017-09-01,2017-06-12,2017-09-01,2,5,60,52,1,5.906907677650452,26,1000,2.6909987452328203,1.0821196535161557,2.5609020590782166,0.538840264081955,6.541775345802307,0.9830899059772492,5.25677864253521,0.025,0.975,True,False,False,3.2159089324176313,2.971860756773159,26,0.012752361770184892,0.20243746723581985
WEGE3.SA,369,2017-09-08,2017-06-19,2017-09-08,2,5,60,52,1,6.431377530097961,30,1000,2.7196409636437893,1.1354555927853993,2.54255348443985,0.5191245079040527,6.905251622200012,0.9153099447488785,5.279046508669853,0.025,0.975,True,False,False,3.711736566454172,3.268940317911393,30,0.013300937766949147,0.2111458412117654
WEGE3.SA,370,2017-09-15,2017-06-26,2017-09-15,2,5,60,52,1,7.206254363059998,36,1000,2.713041412472725,1.1460046229032517,2.5939638018608093,0.5453953742980957,7.204331040382385,0.9382911831140518,5.374772906303406,0.025,0.975,True,False,False,4.493212950587273,3.9207633728425195,36,0.013674262417581809,0.21707218631494998
WEGE3.SA,371,2017-09-22,2017-07-03,2017-09-22,2,5,60,52,1,5.6971834897994995,29,1000,2.749597056567669,1.1723369287372862,2.6284481287002563,0.43057554960250854,8.588771343231201,0.8933631852269173,5.367022144794464,0.025,0.975,True,False,False,2.9475864332318307,2.514282678450341,29,0.01513964227887283,0.24033437045026018
WEGE3.SA,439,2019-02-05,2018-11-05,2019-02-05,2,5,60,52,1,5.3060983419418335,28,1000,2.7414687668681146,1.1196728537648504,2.6337122917175293,0.3824731111526489,7.579432249069214,0.8503150582313538,5.1663388222455975,0.025,0.975,True,False,False,2.564629575073719,2.290516883079076,28,0.014801979270991332,0.23497413637545725
WEGE3.SA,456,2019-06-10,2019-03-15,2019-06-10,2,5,60,52,1,5.618335843086243,27,1000,2.7933759396076203,1.1547825842687747,2.6419766545295715,0.31402909755706787,7.51604950428009,0.9854271642863751,5.528824707865715,0.025,0.975,True,False,False,2.8249599034786224,2.446313221174381,27,0.013952918705788865,0.22149571775411125
WEGE3.SA,457,2019-06-17,2019-03-22,2019-06-17,2,5,60,52,1,5.688707947731018,30,1000,2.7773165090084078,1.1604580728316412,2.670240432024002,0.23763960599899292,7.357599377632141,0.9883035361766815,5.3025751203298555,0.025,0.975,True,False,False,2.9113914387226103,2.508829493183244,30,0.014073677893301481,0.22341271042621885
WEGE3.SA,458,2019-06-25,2019-03-29,2019-06-25,2,5,60,52,1,5.993618845939636,27,1000,2.7787799524962904,1.1658646124011105,2.6667352616786957,0.3605350852012634,7.026163935661316,0.9276102468371391,5.395887997746467,0.025,0.975,True,False,False,3.214838893443346,2.757471887599668,27,0.013229546296744145,0.21001253675640313
WEGE3.SA,459,2019-07-02,2019-04-05,2019-07-02,2,5,60,52,1,6.684489607810974,30,1000,2.7624961726665496,1.1295843943223687,2.6493610739707947,0.4824589490890503,7.516240119934082,0.9836261168122292,5.342849069833755,0.025,0.975,True,False,False,3.9219934351444246,3.4720676514809736,30,0.013072586155135742,0.20752087175373124
WEGE3.SA,460,2019-07-10,2019-04-12,2019-07-10,2,5,60,52,1,6.470510959625244,29,1000,2.7524894284009935,1.1506201235297047,2.592723250389099,0.47412312030792236,7.2630192041397095,0.9524547040462494,5.435361391305923,0.025,0.975,True,False,False,3.7180215312242506,3.231319751143102,29,0.014063836513807939,0.2232564833700325
WEGE3.SA,655,2023-06-13,2023-03-16,2023-06-13,2,5,60,52,1,5.522999286651611,25,1000,2.7841142641603946,1.0871099034813265,2.711617022752762,0.4915419816970825,7.012901425361633,0.9078692272305489,5.154632577300072,0.025,0.975,True,False,False,2.7388850224912167,2.519418702488403,25,0.013135904832337585,0.20852602459306113
